{"name":"Body_Plane","buffer":{"vertices":[[0.9,0,0.7],[0.6,0,-0.6],[1.1,0,0.7],[1.1,0,0.1],[1.8,0,0.7],[1.8,0,0.4],[0,0,1],[-0.9,0,0.7],[0,0,-1.3],[-0.6,0,-0.6],[0,0.4,-0.6],[0,0.4,0.7],[0,0.2,1],[0,-0.1,0.7],[0,-0.1,-0.6],[-1.1,0,0.7],[-1.1,0,0.1],[-1.8,0,0.7],[-1.8,0,0.4]],"normals":[[0.3162,0,0.9487],[0.3468,0.7804,0.5203],[0.4061,0.9138,0],[0.5502,0.8253,-0.127],[0.501,0.7514,-0.4294],[0.1628,-0.9767,-0.1395],[0.1644,-0.9864,0],[0.1048,-0.9435,0.3145],[0,-1,0],[-0.3162,0,0.9487],[-0.3468,0.7804,0.5203],[-0.4061,0.9138,0],[-0.5502,0.8253,-0.127],[-0.501,0.7514,-0.4294],[-0.1628,-0.9767,-0.1395],[-0.1104,-0.9936,-0.0255],[-0.1048,-0.9435,0.3145],[0.1104,-0.9936,-0.0255],[-0.1644,-0.9864,0]],"uvs":[[0.360452,0.131308],[0.003949,0.069485],[0.031598,0.000157],[0.000157,0.203988],[0.096091,0.679559],[0.360452,0.62921],[0.231551,0.948218],[0.666733,0.866488],[0.455023,0.595267],[0.681895,0.603037],[0.6985,0.118171],[0.360766,0.106369],[0.6985,0.000157],[0.698814,0.396751],[0.918613,0.310743],[0.746596,0.45409],[0.999843,0.583103],[0.913835,0.654776],[0.360452,0.131308],[0.360452,0.62921],[0.455023,0.595267],[0.360766,0.106369],[0.698814,0.396751],[0.918613,0.310743],[0.999843,0.000157],[0.746596,0.45409],[0.999843,0.583103],[0.999843,0.000157],[0.913835,0.654776]],"faces":[[1,1,1],[13,2,1],[7,3,1],[13,2,2],[1,1,2],[12,4,2],[12,4,3],[1,1,3],[11,5,3],[1,1,4],[2,6,4],[11,5,4],[9,7,5],[11,5,5],[2,6,5],[9,8,6],[2,9,6],[15,10,6],[2,9,7],[14,11,7],[15,10,7],[1,12,8],[7,13,8],[14,11,8],[1,14,9],[4,15,9],[3,16,9],[3,16,9],[6,17,9],[5,18,9],[8,19,10],[7,3,10],[13,2,10],[13,2,11],[12,4,11],[8,19,11],[12,4,12],[11,5,12],[8,19,12],[8,19,13],[11,5,13],[10,20,13],[9,7,14],[10,20,14],[11,5,14],[9,8,15],[15,10,15],[10,21,15],[10,21,16],[14,11,16],[8,22,16],[8,22,17],[14,11,17],[7,13,17],[8,23,9],[17,24,9],[10,25,9],[16,26,9],[19,27,9],[17,24,9],[2,9,18],[1,12,18],[14,11,18],[1,14,9],[2,28,9],[4,15,9],[3,16,9],[4,15,9],[6,17,9],[10,21,19],[15,10,19],[14,11,19],[8,23,9],[16,26,9],[17,24,9],[16,26,9],[18,29,9],[19,27,9]]}}